complete_candidate_rows,evaluator_id,prompt_id
4,meta-llama/Llama-3.1-8B-Instruct::normal_02,p001
4,meta-llama/Llama-3.1-8B-Instruct::normal_03,p001
4,meta-llama/Llama-3.1-8B-Instruct::normal_01,p002
4,meta-llama/Llama-3.1-8B-Instruct::normal_02,p002
4,meta-llama/Llama-3.1-8B-Instruct::normal_03,p002
4,meta-llama/Llama-3.1-8B-Instruct::normal_04,p002
4,meta-llama/Llama-3.1-8B-Instruct::normal_01,p003
4,meta-llama/Llama-3.1-8B-Instruct::normal_02,p003
4,meta-llama/Llama-3.1-8B-Instruct::normal_03,p003
4,meta-llama/Llama-3.1-8B-Instruct::normal_02,p004
4,meta-llama/Llama-3.1-8B-Instruct::normal_03,p004
4,meta-llama/Llama-3.1-8B-Instruct::normal_01,p005
4,meta-llama/Llama-3.1-8B-Instruct::normal_02,p005
4,meta-llama/Llama-3.1-8B-Instruct::normal_03,p005
4,meta-llama/Llama-3.1-8B-Instruct::normal_04,p005
4,meta-llama/Llama-3.1-8B-Instruct::normal_01,p006
4,meta-llama/Llama-3.1-8B-Instruct::normal_02,p006
4,meta-llama/Llama-3.1-8B-Instruct::normal_04,p006
4,meta-llama/Llama-3.1-8B-Instruct::normal_01,p007
4,meta-llama/Llama-3.1-8B-Instruct::normal_02,p007
4,meta-llama/Llama-3.1-8B-Instruct::normal_03,p007
4,meta-llama/Llama-3.1-8B-Instruct::normal_04,p007
4,meta-llama/Llama-3.1-8B-Instruct::normal_02,p008
4,meta-llama/Llama-3.1-8B-Instruct::normal_03,p008
4,meta-llama/Llama-3.1-8B-Instruct::normal_04,p008
4,meta-llama/Llama-3.1-8B-Instruct::normal_02,p009
4,meta-llama/Llama-3.1-8B-Instruct::normal_04,p009
4,meta-llama/Llama-3.1-8B-Instruct::normal_02,p010
4,meta-llama/Llama-3.1-8B-Instruct::normal_03,p010
4,meta-llama/Llama-3.1-8B-Instruct::normal_04,p010
4,meta-llama/Llama-3.1-8B-Instruct::normal_01,p011
4,meta-llama/Llama-3.1-8B-Instruct::normal_04,p011
4,meta-llama/Llama-3.1-8B-Instruct::normal_01,p012
4,meta-llama/Llama-3.1-8B-Instruct::normal_02,p012
4,meta-llama/Llama-3.1-8B-Instruct::normal_03,p012
4,meta-llama/Llama-3.1-8B-Instruct::normal_04,p012
4,meta-llama/Llama-3.1-8B-Instruct::normal_01,p013
4,meta-llama/Llama-3.1-8B-Instruct::normal_02,p013
4,meta-llama/Llama-3.1-8B-Instruct::normal_03,p013
4,meta-llama/Llama-3.1-8B-Instruct::normal_02,p014
4,meta-llama/Llama-3.1-8B-Instruct::normal_04,p014
4,meta-llama/Llama-3.1-8B-Instruct::normal_01,p015
4,meta-llama/Llama-3.1-8B-Instruct::normal_03,p015
4,meta-llama/Llama-3.1-8B-Instruct::normal_04,p015
4,meta-llama/Llama-3.1-8B-Instruct::normal_04,p016
4,meta-llama/Llama-3.1-8B-Instruct::normal_01,p017
4,meta-llama/Llama-3.1-8B-Instruct::normal_02,p017
4,meta-llama/Llama-3.1-8B-Instruct::normal_03,p017
4,meta-llama/Llama-3.1-8B-Instruct::normal_04,p017
4,meta-llama/Llama-3.1-8B-Instruct::normal_01,p018
4,meta-llama/Llama-3.1-8B-Instruct::normal_03,p018
4,meta-llama/Llama-3.1-8B-Instruct::normal_01,p019
4,meta-llama/Llama-3.1-8B-Instruct::normal_02,p019
4,meta-llama/Llama-3.1-8B-Instruct::normal_04,p019
4,meta-llama/Llama-3.1-8B-Instruct::normal_01,p020
4,meta-llama/Llama-3.1-8B-Instruct::normal_02,p020
4,meta-llama/Llama-3.1-8B-Instruct::normal_04,p020
4,meta-llama/Llama-3.1-8B-Instruct::normal_02,p021
4,meta-llama/Llama-3.1-8B-Instruct::normal_03,p021
4,meta-llama/Llama-3.1-8B-Instruct::normal_04,p021
4,meta-llama/Llama-3.1-8B-Instruct::normal_01,p022
4,meta-llama/Llama-3.1-8B-Instruct::normal_02,p022
4,meta-llama/Llama-3.1-8B-Instruct::normal_03,p022
4,meta-llama/Llama-3.1-8B-Instruct::normal_04,p022
4,meta-llama/Llama-3.1-8B-Instruct::normal_01,p023
4,meta-llama/Llama-3.1-8B-Instruct::normal_03,p023
4,meta-llama/Llama-3.1-8B-Instruct::normal_04,p023
4,meta-llama/Llama-3.1-8B-Instruct::normal_01,p024
4,meta-llama/Llama-3.1-8B-Instruct::normal_02,p024
4,meta-llama/Llama-3.1-8B-Instruct::normal_03,p024
4,meta-llama/Llama-3.1-8B-Instruct::normal_04,p024
4,meta-llama/Llama-3.1-8B-Instruct::normal_01,p026
4,meta-llama/Llama-3.1-8B-Instruct::normal_03,p026
4,meta-llama/Llama-3.1-8B-Instruct::normal_01,p027
4,meta-llama/Llama-3.1-8B-Instruct::normal_02,p027
4,meta-llama/Llama-3.1-8B-Instruct::normal_03,p027
4,meta-llama/Llama-3.1-8B-Instruct::normal_01,p028
4,meta-llama/Llama-3.1-8B-Instruct::normal_02,p028
4,meta-llama/Llama-3.1-8B-Instruct::normal_03,p028
4,meta-llama/Llama-3.1-8B-Instruct::normal_04,p028
4,meta-llama/Llama-3.1-8B-Instruct::normal_02,p029
4,meta-llama/Llama-3.1-8B-Instruct::normal_03,p029
4,meta-llama/Llama-3.1-8B-Instruct::normal_01,p030
4,meta-llama/Llama-3.1-8B-Instruct::normal_02,p030
4,meta-llama/Llama-3.1-8B-Instruct::normal_03,p030
4,meta-llama/Llama-3.1-8B-Instruct::normal_04,p030
4,meta-llama/Llama-3.1-8B-Instruct::normal_02,p031
4,meta-llama/Llama-3.1-8B-Instruct::normal_03,p032
4,meta-llama/Llama-3.1-8B-Instruct::normal_01,p033
4,meta-llama/Llama-3.1-8B-Instruct::normal_04,p033
4,meta-llama/Llama-3.1-8B-Instruct::normal_04,p034
4,meta-llama/Llama-3.1-8B-Instruct::normal_02,p035
4,meta-llama/Llama-3.1-8B-Instruct::normal_03,p035
4,meta-llama/Llama-3.1-8B-Instruct::normal_04,p035
4,meta-llama/Llama-3.1-8B-Instruct::normal_01,p036
4,meta-llama/Llama-3.1-8B-Instruct::normal_02,p036
4,meta-llama/Llama-3.1-8B-Instruct::normal_03,p036
4,meta-llama/Llama-3.1-8B-Instruct::normal_04,p036
4,meta-llama/Llama-3.1-8B-Instruct::normal_01,p037
4,meta-llama/Llama-3.1-8B-Instruct::normal_04,p037
4,meta-llama/Llama-3.1-8B-Instruct::normal_01,p038
4,meta-llama/Llama-3.1-8B-Instruct::normal_03,p038
4,meta-llama/Llama-3.1-8B-Instruct::normal_01,p039
4,meta-llama/Llama-3.1-8B-Instruct::normal_02,p039
4,meta-llama/Llama-3.1-8B-Instruct::normal_04,p039
4,meta-llama/Llama-3.1-8B-Instruct::normal_02,p040
4,meta-llama/Llama-3.1-8B-Instruct::normal_03,p040
4,meta-llama/Llama-3.1-8B-Instruct::normal_04,p040
4,meta-llama/Llama-3.1-8B-Instruct::normal_01,p041
4,meta-llama/Llama-3.1-8B-Instruct::normal_02,p041
4,meta-llama/Llama-3.1-8B-Instruct::normal_04,p041
4,meta-llama/Llama-3.1-8B-Instruct::normal_01,p042
4,meta-llama/Llama-3.1-8B-Instruct::normal_02,p042
4,meta-llama/Llama-3.1-8B-Instruct::normal_04,p042
4,meta-llama/Llama-3.1-8B-Instruct::normal_01,p043
4,meta-llama/Llama-3.1-8B-Instruct::normal_02,p043
4,meta-llama/Llama-3.1-8B-Instruct::normal_03,p043
4,meta-llama/Llama-3.1-8B-Instruct::normal_04,p043
4,meta-llama/Llama-3.1-8B-Instruct::normal_01,p044
4,meta-llama/Llama-3.1-8B-Instruct::normal_02,p044
4,meta-llama/Llama-3.1-8B-Instruct::normal_03,p044
4,meta-llama/Llama-3.1-8B-Instruct::normal_04,p044
4,meta-llama/Llama-3.1-8B-Instruct::normal_01,p045
4,meta-llama/Llama-3.1-8B-Instruct::normal_03,p045
4,meta-llama/Llama-3.1-8B-Instruct::normal_04,p045
4,meta-llama/Llama-3.1-8B-Instruct::normal_01,p046
4,meta-llama/Llama-3.1-8B-Instruct::normal_02,p046
4,meta-llama/Llama-3.1-8B-Instruct::normal_03,p046
4,meta-llama/Llama-3.1-8B-Instruct::normal_04,p046
4,meta-llama/Llama-3.1-8B-Instruct::normal_01,p047
4,meta-llama/Llama-3.1-8B-Instruct::normal_02,p047
4,meta-llama/Llama-3.1-8B-Instruct::normal_03,p047
4,meta-llama/Llama-3.1-8B-Instruct::normal_04,p047
4,meta-llama/Llama-3.1-8B-Instruct::normal_01,p048
4,meta-llama/Llama-3.1-8B-Instruct::normal_02,p048
4,meta-llama/Llama-3.1-8B-Instruct::normal_03,p048
4,meta-llama/Llama-3.1-8B-Instruct::normal_04,p048
4,meta-llama/Llama-3.1-8B-Instruct::normal_01,p049
4,meta-llama/Llama-3.1-8B-Instruct::normal_03,p050
4,meta-llama/Llama-3.1-8B-Instruct::normal_04,p050
4,meta-llama/Llama-3.1-8B-Instruct::normal_01,p051
4,meta-llama/Llama-3.1-8B-Instruct::normal_04,p051
4,meta-llama/Llama-3.1-8B-Instruct::normal_01,p052
4,meta-llama/Llama-3.1-8B-Instruct::normal_02,p052
4,meta-llama/Llama-3.1-8B-Instruct::normal_03,p053
4,meta-llama/Llama-3.1-8B-Instruct::normal_04,p053
4,meta-llama/Llama-3.1-8B-Instruct::normal_01,p054
4,meta-llama/Llama-3.1-8B-Instruct::normal_04,p054
4,meta-llama/Llama-3.1-8B-Instruct::normal_02,p056
4,meta-llama/Llama-3.1-8B-Instruct::normal_04,p056
4,meta-llama/Llama-3.1-8B-Instruct::normal_03,p057
4,meta-llama/Llama-3.1-8B-Instruct::normal_04,p058
4,meta-llama/Llama-3.1-8B-Instruct::normal_01,p059
4,meta-llama/Llama-3.1-8B-Instruct::normal_02,p059
4,meta-llama/Llama-3.1-8B-Instruct::normal_03,p059
4,meta-llama/Llama-3.1-8B-Instruct::normal_01,p060
4,meta-llama/Llama-3.1-8B-Instruct::normal_02,p060
4,meta-llama/Llama-3.1-8B-Instruct::normal_03,p061
4,meta-llama/Llama-3.1-8B-Instruct::normal_04,p061
4,meta-llama/Llama-3.1-8B-Instruct::normal_01,p062
4,meta-llama/Llama-3.1-8B-Instruct::normal_02,p062
4,meta-llama/Llama-3.1-8B-Instruct::normal_04,p062
4,meta-llama/Llama-3.1-8B-Instruct::normal_03,p063
4,meta-llama/Llama-3.1-8B-Instruct::normal_04,p063
4,meta-llama/Llama-3.1-8B-Instruct::normal_03,p065
4,meta-llama/Llama-3.1-8B-Instruct::normal_04,p065
4,meta-llama/Llama-3.1-8B-Instruct::normal_01,p066
4,meta-llama/Llama-3.1-8B-Instruct::normal_04,p066
4,meta-llama/Llama-3.1-8B-Instruct::normal_01,p067
4,meta-llama/Llama-3.1-8B-Instruct::normal_01,p068
4,meta-llama/Llama-3.1-8B-Instruct::normal_03,p068
4,meta-llama/Llama-3.1-8B-Instruct::normal_04,p068
4,meta-llama/Llama-3.1-8B-Instruct::normal_02,p069
4,meta-llama/Llama-3.1-8B-Instruct::normal_03,p069
4,meta-llama/Llama-3.1-8B-Instruct::normal_04,p069
4,meta-llama/Llama-3.1-8B-Instruct::normal_01,p070
4,meta-llama/Llama-3.1-8B-Instruct::normal_02,p070
4,meta-llama/Llama-3.1-8B-Instruct::normal_03,p070
4,meta-llama/Llama-3.1-8B-Instruct::normal_04,p070
4,meta-llama/Llama-3.1-8B-Instruct::normal_01,p071
4,meta-llama/Llama-3.1-8B-Instruct::normal_02,p071
4,meta-llama/Llama-3.1-8B-Instruct::normal_03,p071
4,meta-llama/Llama-3.1-8B-Instruct::normal_04,p071
4,meta-llama/Llama-3.1-8B-Instruct::normal_01,p072
4,meta-llama/Llama-3.1-8B-Instruct::normal_02,p072
4,meta-llama/Llama-3.1-8B-Instruct::normal_03,p072
4,meta-llama/Llama-3.1-8B-Instruct::normal_04,p072
4,meta-llama/Llama-3.1-8B-Instruct::normal_01,p073
4,meta-llama/Llama-3.1-8B-Instruct::normal_02,p073
4,meta-llama/Llama-3.1-8B-Instruct::normal_03,p073
4,meta-llama/Llama-3.1-8B-Instruct::normal_04,p073
4,meta-llama/Llama-3.1-8B-Instruct::normal_01,p074
4,meta-llama/Llama-3.1-8B-Instruct::normal_02,p074
4,meta-llama/Llama-3.1-8B-Instruct::normal_03,p074
4,meta-llama/Llama-3.1-8B-Instruct::normal_01,p075
4,meta-llama/Llama-3.1-8B-Instruct::normal_02,p075
4,meta-llama/Llama-3.1-8B-Instruct::normal_03,p075
4,meta-llama/Llama-3.1-8B-Instruct::normal_04,p075
4,meta-llama/Llama-3.1-8B-Instruct::normal_01,p076
4,meta-llama/Llama-3.1-8B-Instruct::normal_03,p076
4,meta-llama/Llama-3.1-8B-Instruct::normal_04,p076
4,meta-llama/Llama-3.1-8B-Instruct::normal_02,p077
4,meta-llama/Llama-3.1-8B-Instruct::normal_03,p077
4,meta-llama/Llama-3.1-8B-Instruct::normal_04,p077
4,meta-llama/Llama-3.1-8B-Instruct::normal_02,p078
4,meta-llama/Llama-3.1-8B-Instruct::normal_04,p078
4,meta-llama/Llama-3.1-8B-Instruct::normal_01,p079
4,meta-llama/Llama-3.1-8B-Instruct::normal_02,p079
4,meta-llama/Llama-3.1-8B-Instruct::normal_03,p079
4,meta-llama/Llama-3.1-8B-Instruct::normal_04,p079
4,meta-llama/Llama-3.1-8B-Instruct::normal_01,p080
4,meta-llama/Llama-3.1-8B-Instruct::normal_02,p080
4,meta-llama/Llama-3.1-8B-Instruct::normal_03,p080
4,meta-llama/Llama-3.1-8B-Instruct::normal_01,p081
4,meta-llama/Llama-3.1-8B-Instruct::normal_02,p081
4,meta-llama/Llama-3.1-8B-Instruct::normal_01,p082
4,meta-llama/Llama-3.1-8B-Instruct::normal_04,p082
4,meta-llama/Llama-3.1-8B-Instruct::normal_01,p083
4,meta-llama/Llama-3.1-8B-Instruct::normal_03,p083
4,meta-llama/Llama-3.1-8B-Instruct::normal_04,p083
4,meta-llama/Llama-3.1-8B-Instruct::normal_01,p084
4,meta-llama/Llama-3.1-8B-Instruct::normal_02,p084
4,meta-llama/Llama-3.1-8B-Instruct::normal_03,p084
4,meta-llama/Llama-3.1-8B-Instruct::normal_01,p085
4,meta-llama/Llama-3.1-8B-Instruct::normal_02,p085
4,meta-llama/Llama-3.1-8B-Instruct::normal_03,p085
4,meta-llama/Llama-3.1-8B-Instruct::normal_04,p085
4,meta-llama/Llama-3.1-8B-Instruct::normal_02,p086
4,meta-llama/Llama-3.1-8B-Instruct::normal_02,p087
4,meta-llama/Llama-3.1-8B-Instruct::normal_01,p088
4,meta-llama/Llama-3.1-8B-Instruct::normal_04,p088
4,meta-llama/Llama-3.1-8B-Instruct::normal_02,p089
4,meta-llama/Llama-3.1-8B-Instruct::normal_03,p089
4,meta-llama/Llama-3.1-8B-Instruct::normal_01,p090
4,meta-llama/Llama-3.1-8B-Instruct::normal_03,p090
4,meta-llama/Llama-3.1-8B-Instruct::normal_04,p090
4,meta-llama/Llama-3.1-8B-Instruct::normal_03,p091
4,meta-llama/Llama-3.1-8B-Instruct::normal_04,p091
4,meta-llama/Llama-3.1-8B-Instruct::normal_01,p092
4,meta-llama/Llama-3.1-8B-Instruct::normal_04,p092
4,meta-llama/Llama-3.1-8B-Instruct::normal_02,p093
4,meta-llama/Llama-3.1-8B-Instruct::normal_03,p093
4,meta-llama/Llama-3.1-8B-Instruct::normal_04,p093
4,meta-llama/Llama-3.1-8B-Instruct::normal_01,p094
4,meta-llama/Llama-3.1-8B-Instruct::normal_02,p094
4,meta-llama/Llama-3.1-8B-Instruct::normal_04,p094
4,meta-llama/Llama-3.1-8B-Instruct::normal_01,p095
4,meta-llama/Llama-3.1-8B-Instruct::normal_04,p095
4,meta-llama/Llama-3.1-8B-Instruct::normal_01,p096
4,meta-llama/Llama-3.1-8B-Instruct::normal_02,p096
4,meta-llama/Llama-3.1-8B-Instruct::normal_03,p096
4,meta-llama/Llama-3.1-8B-Instruct::normal_04,p096
4,meta-llama/Llama-3.1-8B-Instruct::normal_01,p097
4,meta-llama/Llama-3.1-8B-Instruct::normal_03,p097
4,meta-llama/Llama-3.1-8B-Instruct::normal_04,p097
4,meta-llama/Llama-3.1-8B-Instruct::normal_01,p098
4,meta-llama/Llama-3.1-8B-Instruct::normal_03,p098
4,meta-llama/Llama-3.1-8B-Instruct::normal_04,p098
4,meta-llama/Llama-3.1-8B-Instruct::normal_01,p099
4,meta-llama/Llama-3.1-8B-Instruct::normal_02,p099
4,meta-llama/Llama-3.1-8B-Instruct::normal_03,p099
4,meta-llama/Llama-3.1-8B-Instruct::normal_04,p099
4,meta-llama/Llama-3.1-8B-Instruct::normal_01,p100
4,meta-llama/Llama-3.1-8B-Instruct::normal_02,p100
4,meta-llama/Llama-3.1-8B-Instruct::normal_04,p100
